Conference,Paper Title,Author Names
InfoVis,A comparative study between RadViz and Star Coordinates,"Sanchez, A."
InfoVis,A comparative study between RadViz and Star Coordinates,"Raya, L."
InfoVis,A comparative study between RadViz and Star Coordinates,"Diaz, F."
InfoVis,A comparative study between RadViz and Star Coordinates,"Rubio-Sanchez, M."
InfoVis,A Linguistic Approach to Categorical Color Assignment for Data Visualization,"Setlur, V."
InfoVis,A Linguistic Approach to Categorical Color Assignment for Data Visualization,"Stone, M.C."
InfoVis,A Psychophysical Investigation of Size as a Physical Variable,"Hornbaek, K."
InfoVis,A Psychophysical Investigation of Size as a Physical Variable,"Jansen, Y."
InfoVis,A Simple Approach for Boundary Improvement of Euler Diagrams,"Simonetto, P."
InfoVis,A Simple Approach for Boundary Improvement of Euler Diagrams,"Scheidegger, C."
InfoVis,A Simple Approach for Boundary Improvement of Euler Diagrams,"Archambault, D."
InfoVis,Acquired Codes of Meaning in Data Visualization and Infographics: Beyond Perceptual Primitives,"Wiles, J."
InfoVis,Acquired Codes of Meaning in Data Visualization and Infographics: Beyond Perceptual Primitives,"Byrne, L."
InfoVis,Acquired Codes of Meaning in Data Visualization and Infographics: Beyond Perceptual Primitives,"Angus, D."
InfoVis,AggreSet: Rich and Scalable Set Exploration using Visualizations of Element Aggregations,"Bederson, B.B."
InfoVis,AggreSet: Rich and Scalable Set Exploration using Visualizations of Element Aggregations,"Yalcin, M.A."
InfoVis,AggreSet: Rich and Scalable Set Exploration using Visualizations of Element Aggregations,"Elmqvist, N."
InfoVis,AmbiguityVis: Visualization of Ambiguity in Graph Layouts,Zhiguang Zhou
InfoVis,AmbiguityVis: Visualization of Ambiguity in Graph Layouts,Qiaomu Shen
InfoVis,AmbiguityVis: Visualization of Ambiguity in Graph Layouts,Sixiao Yang
InfoVis,AmbiguityVis: Visualization of Ambiguity in Graph Layouts,"Archambault, D."
InfoVis,AmbiguityVis: Visualization of Ambiguity in Graph Layouts,Yong Wang
InfoVis,AmbiguityVis: Visualization of Ambiguity in Graph Layouts,Min Zhu
InfoVis,AmbiguityVis: Visualization of Ambiguity in Graph Layouts,Huamin Qu
InfoVis,Automatic Selection of Partitioning Variables for Small Multiple Displays,"Anand, A."
InfoVis,Automatic Selection of Partitioning Variables for Small Multiple Displays,"Talbot, J."
InfoVis,Beyond Memorability: Visualization Recognition and Recall,"Bainbridge, C.M."
InfoVis,Beyond Memorability: Visualization Recognition and Recall,"Pfister, H."
InfoVis,Beyond Memorability: Visualization Recognition and Recall,"Bylinskii, Z."
InfoVis,Beyond Memorability: Visualization Recognition and Recall,"Oliva, A."
InfoVis,Beyond Memorability: Visualization Recognition and Recall,Nam Wook Kim
InfoVis,Beyond Memorability: Visualization Recognition and Recall,"Yeh, C.S."
InfoVis,Beyond Memorability: Visualization Recognition and Recall,"Borkin, D."
InfoVis,Beyond Memorability: Visualization Recognition and Recall,"Borkin, M.A."
InfoVis,Beyond Weber's Law: A Second Look at Ranking Visualizations of Correlation,"Kay, M."
InfoVis,Beyond Weber's Law: A Second Look at Ranking Visualizations of Correlation,"Heer, J."
InfoVis,"Evaluation of Parallel Coordinates: Overview, Categorization and Guidelines for Future Research","Forsell, C."
InfoVis,"Evaluation of Parallel Coordinates: Overview, Categorization and Guidelines for Future Research","Johansson, J."
InfoVis,Guidelines for Effective Usage of Text Highlighting Techniques,"Pfister, H."
InfoVis,Guidelines for Effective Usage of Text Highlighting Techniques,"Schreck, T."
InfoVis,Guidelines for Effective Usage of Text Highlighting Techniques,"Oelke, D."
InfoVis,Guidelines for Effective Usage of Text Highlighting Techniques,Bum Chul Kwon
InfoVis,Guidelines for Effective Usage of Text Highlighting Techniques,"Strobelt, H."
InfoVis,High-Quality Ultra-Compact Grid Layout of Grouped Networks,"Dwyer, T."
InfoVis,High-Quality Ultra-Compact Grid Layout of Grouped Networks,"Kieffer, S."
InfoVis,High-Quality Ultra-Compact Grid Layout of Grouped Networks,"Gange, G."
InfoVis,High-Quality Ultra-Compact Grid Layout of Grouped Networks,"Klein, K."
InfoVis,High-Quality Ultra-Compact Grid Layout of Grouped Networks,"Yoghourdjian, V."
InfoVis,High-Quality Ultra-Compact Grid Layout of Grouped Networks,"Marriott, K."
InfoVis,HOLA: Human-like Orthogonal Network Layout,"Dwyer, T."
InfoVis,HOLA: Human-like Orthogonal Network Layout,"Wybrow, M."
InfoVis,HOLA: Human-like Orthogonal Network Layout,"Marriott, K."
InfoVis,HOLA: Human-like Orthogonal Network Layout,"Kieffer, S."
InfoVis,How do People Make Sense of Unfamiliar Visualizations?: A Grounded Model of Novice&#x0027;s Information Visualization Sensemaking,Ji Soo Yi
InfoVis,How do People Make Sense of Unfamiliar Visualizations?: A Grounded Model of Novice&#x0027;s Information Visualization Sensemaking,Youn-ah Kang
InfoVis,How do People Make Sense of Unfamiliar Visualizations?: A Grounded Model of Novice&#x0027;s Information Visualization Sensemaking,"Lam, H."
InfoVis,How do People Make Sense of Unfamiliar Visualizations?: A Grounded Model of Novice&#x0027;s Information Visualization Sensemaking,Sung-Hee Kim
InfoVis,How do People Make Sense of Unfamiliar Visualizations?: A Grounded Model of Novice&#x0027;s Information Visualization Sensemaking,Ya-Hsin Hung
InfoVis,How do People Make Sense of Unfamiliar Visualizations?: A Grounded Model of Novice&#x0027;s Information Visualization Sensemaking,Sukwon Lee
InfoVis,"Improving Bayesian Reasoning: The Effects of Phrasing, Visualization, and Spatial Ability","Taylor, H.A."
InfoVis,"Improving Bayesian Reasoning: The Effects of Phrasing, Visualization, and Spatial Ability","Han, P.K.J."
InfoVis,"Improving Bayesian Reasoning: The Effects of Phrasing, Visualization, and Spatial Ability","Ziemkiewicz, C."
InfoVis,"Improving Bayesian Reasoning: The Effects of Phrasing, Visualization, and Spatial Ability","Chang, R."
InfoVis,"Improving Bayesian Reasoning: The Effects of Phrasing, Visualization, and Spatial Ability","Harrison, L.T."
InfoVis,"Improving Bayesian Reasoning: The Effects of Phrasing, Visualization, and Spatial Ability","Peck, E.M."
InfoVis,"Improving Bayesian Reasoning: The Effects of Phrasing, Visualization, and Spatial Ability","Ottley, A."
InfoVis,"Improving Bayesian Reasoning: The Effects of Phrasing, Visualization, and Spatial Ability","Afergan, D."
InfoVis,"Matches, Mismatches, and Methods: Multiple-View Workflows for Energy Portfolio Analysis","Tate, K."
InfoVis,"Matches, Mismatches, and Methods: Multiple-View Workflows for Energy Portfolio Analysis","Brehmer, M."
InfoVis,"Matches, Mismatches, and Methods: Multiple-View Workflows for Energy Portfolio Analysis","Munzner, T."
InfoVis,"Matches, Mismatches, and Methods: Multiple-View Workflows for Energy Portfolio Analysis","Ng, J."
InfoVis,Off the Radar: Comparative Evaluation of Radial Visualization Solutions for Composite Indicators,"Rafaeli, S."
InfoVis,Off the Radar: Comparative Evaluation of Radial Visualization Solutions for Composite Indicators,"Bak, P."
InfoVis,Off the Radar: Comparative Evaluation of Radial Visualization Solutions for Composite Indicators,"Lanir, J."
InfoVis,Off the Radar: Comparative Evaluation of Radial Visualization Solutions for Composite Indicators,"Albo, Y."
InfoVis,Optimal Sets of Projections of High-Dimensional Data,"Theisel, H."
InfoVis,Optimal Sets of Projections of High-Dimensional Data,"Lehmann, D.J."
InfoVis,Orientation-Enhanced Parallel Coordinate Plots,"Raidou, R.G."
InfoVis,Orientation-Enhanced Parallel Coordinate Plots,"Breeuwer, M."
InfoVis,Orientation-Enhanced Parallel Coordinate Plots,"Eisemann, E."
InfoVis,Orientation-Enhanced Parallel Coordinate Plots,"Eisemann, M."
InfoVis,Orientation-Enhanced Parallel Coordinate Plots,"Vilanova, A."
InfoVis,Poemage: Visualizing the Sonic Topology of a Poem,"Lein, J."
InfoVis,Poemage: Visualizing the Sonic Topology of a Poem,"McCurdy, N."
InfoVis,Poemage: Visualizing the Sonic Topology of a Poem,"Coles, K."
InfoVis,Poemage: Visualizing the Sonic Topology of a Poem,"Meyer, M."
InfoVis,Probing Projections: Interaction Techniques for Interpreting Arrangements and Errors of Dimensionality Reductions,"D?rk, M."
InfoVis,Probing Projections: Interaction Techniques for Interpreting Arrangements and Errors of Dimensionality Reductions,"M?ller, B."
InfoVis,Probing Projections: Interaction Techniques for Interpreting Arrangements and Errors of Dimensionality Reductions,"Thom, A."
InfoVis,Probing Projections: Interaction Techniques for Interpreting Arrangements and Errors of Dimensionality Reductions,"Stahnke, J."
InfoVis,Reactive Vega: A Streaming Dataflow Architecture for Declarative Interactive Visualization,"Heer, J."
InfoVis,Reactive Vega: A Streaming Dataflow Architecture for Declarative Interactive Visualization,"Russell, R."
InfoVis,Reactive Vega: A Streaming Dataflow Architecture for Declarative Interactive Visualization,"Satyanarayan, A."
InfoVis,Reactive Vega: A Streaming Dataflow Architecture for Declarative Interactive Visualization,"Hoffswell, J."
InfoVis,SchemeLens: A Content-Aware Vector-Based Fisheye Technique for Navigating Large Systems Diagrams,"Lecolinet, E."
InfoVis,SchemeLens: A Content-Aware Vector-Based Fisheye Technique for Navigating Large Systems Diagrams,"Bailly, G."
InfoVis,SchemeLens: A Content-Aware Vector-Based Fisheye Technique for Navigating Large Systems Diagrams,"Coh?, A."
InfoVis,SchemeLens: A Content-Aware Vector-Based Fisheye Technique for Navigating Large Systems Diagrams,"Liutkus, B."
InfoVis,SchemeLens: A Content-Aware Vector-Based Fisheye Technique for Navigating Large Systems Diagrams,"Eagan, J."
InfoVis,Sketching Designs Using the Five Design-Sheet Methodology,"Ritsos, P.D."
InfoVis,Sketching Designs Using the Five Design-Sheet Methodology,"Headleand, C."
InfoVis,Sketching Designs Using the Five Design-Sheet Methodology,"Roberts, J.C."
InfoVis,Spatial Reasoning and Data Displays,"Hofmann, H."
InfoVis,Spatial Reasoning and Data Displays,"VanderPlas, S."
InfoVis,Speculative Practices: Utilizing InfoVis to Explore Untapped Literary Collections,"Forlini, S."
InfoVis,Speculative Practices: Utilizing InfoVis to Explore Untapped Literary Collections,"Hinrichs, U."
InfoVis,Speculative Practices: Utilizing InfoVis to Explore Untapped Literary Collections,"Moynihan, B."
InfoVis,Suggested Interactivity: Seeking Perceived Affordances for Information Visualization,"Boy, J."
InfoVis,Suggested Interactivity: Seeking Perceived Affordances for Information Visualization,"Fekete, J.-D."
InfoVis,Suggested Interactivity: Seeking Perceived Affordances for Information Visualization,"Eveillard, L."
InfoVis,Suggested Interactivity: Seeking Perceived Affordances for Information Visualization,"Detienne, F."
InfoVis,Time Curves: Folding Time to Visualize Patterns of Temporal Evolution in Data,"Madhyastha, T."
InfoVis,Time Curves: Folding Time to Visualize Patterns of Temporal Evolution in Data,"Grabowski, T."
InfoVis,Time Curves: Folding Time to Visualize Patterns of Temporal Evolution in Data,Conglei Shi
InfoVis,Time Curves: Folding Time to Visualize Patterns of Temporal Evolution in Data,"Heulot, N."
InfoVis,Time Curves: Folding Time to Visualize Patterns of Temporal Evolution in Data,"Dragicevic, P."
InfoVis,Time Curves: Folding Time to Visualize Patterns of Temporal Evolution in Data,"Bach, B."
InfoVis,TimeNotes: A Study on Effective Chart Visualization and Interaction Techniques for Time-Series Data,"Walker, J."
InfoVis,TimeNotes: A Study on Effective Chart Visualization and Interaction Techniques for Time-Series Data,"Jones, M.W."
InfoVis,TimeNotes: A Study on Effective Chart Visualization and Interaction Techniques for Time-Series Data,"Borgo, R."
InfoVis,TimeSpan: Using Visualization to Explore Temporal Multi-dimensional Data of Stroke Patients,"Perin, C."
InfoVis,TimeSpan: Using Visualization to Explore Temporal Multi-dimensional Data of Stroke Patients,"Hill, M."
InfoVis,TimeSpan: Using Visualization to Explore Temporal Multi-dimensional Data of Stroke Patients,"Loorak, M.H."
InfoVis,TimeSpan: Using Visualization to Explore Temporal Multi-dimensional Data of Stroke Patients,"Kamal, N."
InfoVis,TimeSpan: Using Visualization to Explore Temporal Multi-dimensional Data of Stroke Patients,"Carpendale, S."
InfoVis,Vials: Visualizing Alternative Splicing of Genes,"Botros, J."
InfoVis,Vials: Visualizing Alternative Splicing of Genes,"Lex, A."
InfoVis,Vials: Visualizing Alternative Splicing of Genes,"Borowsky, M."
InfoVis,Vials: Visualizing Alternative Splicing of Genes,"Peterson, B."
InfoVis,Vials: Visualizing Alternative Splicing of Genes,"Pfister, H."
InfoVis,Vials: Visualizing Alternative Splicing of Genes,"Strobelt, H."
InfoVis,Vials: Visualizing Alternative Splicing of Genes,"Alsallakh, B."
InfoVis,Visual Encodings of Temporal Uncertainty: A Comparative User Study,"Miksch, S."
InfoVis,Visual Encodings of Temporal Uncertainty: A Comparative User Study,"B?gl, M."
InfoVis,Visual Encodings of Temporal Uncertainty: A Comparative User Study,"Gschwandtner, T."
InfoVis,Visual Encodings of Temporal Uncertainty: A Comparative User Study,"Federico, P."
InfoVis,Visual Mementos: Reflecting Memories with Personal Data,"Thudt, A."
InfoVis,Visual Mementos: Reflecting Memories with Personal Data,"Baur, D."
InfoVis,Visual Mementos: Reflecting Memories with Personal Data,"Huron, S."
InfoVis,Visual Mementos: Reflecting Memories with Personal Data,"Carpendale, S."
InfoVis,"Visualization, Selection, and Analysis of Traffic Flows","Hurter, C."
InfoVis,"Visualization, Selection, and Analysis of Traffic Flows","Scheepens, R."
InfoVis,"Visualization, Selection, and Analysis of Traffic Flows","van de Wetering, H."
InfoVis,"Visualization, Selection, and Analysis of Traffic Flows","van Wijk, J.J."
InfoVis,Visualizing Multiple Variables Across Scale and Geography,"Goodwin, S."
InfoVis,Visualizing Multiple Variables Across Scale and Geography,"Slingsby, A."
InfoVis,Visualizing Multiple Variables Across Scale and Geography,"Turkay, C."
InfoVis,Visualizing Multiple Variables Across Scale and Geography,"Dykes, J."
InfoVis,Visually Comparing Weather Features in Forecasts,"Quinan, P.S."
InfoVis,Visually Comparing Weather Features in Forecasts,"Meyer, M."
InfoVis,Voyager: Exploratory Analysis via Faceted Browsing of Visualization Recommendations,"Heer, J."
InfoVis,Voyager: Exploratory Analysis via Faceted Browsing of Visualization Recommendations,"Mackinlay, J."
InfoVis,Voyager: Exploratory Analysis via Faceted Browsing of Visualization Recommendations,"Wongsuphasawat, K."
InfoVis,Voyager: Exploratory Analysis via Faceted Browsing of Visualization Recommendations,"Anand, A."
InfoVis,Voyager: Exploratory Analysis via Faceted Browsing of Visualization Recommendations,"Howe, B."
InfoVis,Voyager: Exploratory Analysis via Faceted Browsing of Visualization Recommendations,"Moritz, D."
SciVis,Accurate Interactive Visualization of Large Deformations and Variability in Biomedical Image Ensembles,"Klein, R."
SciVis,Accurate Interactive Visualization of Large Deformations and Variability in Biomedical Image Ensembles,"Schultz, T."
SciVis,Accurate Interactive Visualization of Large Deformations and Variability in Biomedical Image Ensembles,"Hermann, M."
SciVis,Accurate Interactive Visualization of Large Deformations and Variability in Biomedical Image Ensembles,"Schunke, A.C."
SciVis,Adaptive Multilinear Tensor Product Wavelets,"Lindstrom, P."
SciVis,Adaptive Multilinear Tensor Product Wavelets,"Weiss, K."
SciVis,AnimoAminoMiner: Exploration of Protein Tunnels and their Properties in Molecular Dynamics,"Kozlikova, B."
SciVis,AnimoAminoMiner: Exploration of Protein Tunnels and their Properties in Molecular Dynamics,"Byska, J."
SciVis,AnimoAminoMiner: Exploration of Protein Tunnels and their Properties in Molecular Dynamics,"Gröller, M.E."
SciVis,AnimoAminoMiner: Exploration of Protein Tunnels and their Properties in Molecular Dynamics,"Viola, I."
SciVis,AnimoAminoMiner: Exploration of Protein Tunnels and their Properties in Molecular Dynamics,"Le Muzic, M."
SciVis,Anisotropic Ambient Volume Shading,"Ament, M."
SciVis,Anisotropic Ambient Volume Shading,"Dachsbacher, C."
SciVis,Association Analysis for Visual Exploration of Multivariate Scientific Data Sets,Han-Wei Shen
SciVis,Association Analysis for Visual Exploration of Multivariate Scientific Data Sets,Xiaotong Liu
SciVis,CAST: Effective and Efficient User Interaction for Context-Aware Selection in 3D Particle Clouds,"Efstathiou, K."
SciVis,CAST: Effective and Efficient User Interaction for Context-Aware Selection in 3D Particle Clouds,"Isenberg, T."
SciVis,CAST: Effective and Efficient User Interaction for Context-Aware Selection in 3D Particle Clouds,Lingyun Yu
SciVis,CAST: Effective and Efficient User Interaction for Context-Aware Selection in 3D Particle Clouds,"Isenberg, P."
SciVis,Cluster Analysis of Vortical Flow in Simulations of Cerebral Aneurysm Hemodynamics,"Cebral, J.R."
SciVis,Cluster Analysis of Vortical Flow in Simulations of Cerebral Aneurysm Hemodynamics,"Oeltze-Jafra, S."
SciVis,Cluster Analysis of Vortical Flow in Simulations of Cerebral Aneurysm Hemodynamics,"Preim, B."
SciVis,Cluster Analysis of Vortical Flow in Simulations of Cerebral Aneurysm Hemodynamics,"Janiga, G."
SciVis,Diderot: a Domain-Specific Language for Portable Parallel Scientific Visualization and Image Analysis,"Seltzer, N."
SciVis,Diderot: a Domain-Specific Language for Portable Parallel Scientific Visualization and Image Analysis,"Samuels, L."
SciVis,Diderot: a Domain-Specific Language for Portable Parallel Scientific Visualization and Image Analysis,"Kindlmann, G."
SciVis,Diderot: a Domain-Specific Language for Portable Parallel Scientific Visualization and Image Analysis,"Chiw, C."
SciVis,Diderot: a Domain-Specific Language for Portable Parallel Scientific Visualization and Image Analysis,"Reppy, J."
SciVis,Distribution Driven Extraction and Tracking of Features for Time-varying Data Analysis,Han-Wei Shen
SciVis,Distribution Driven Extraction and Tracking of Features for Time-varying Data Analysis,"Dutta, S."
SciVis,Effective Visualization of Temporal Ensembles,Lihua Hao
SciVis,Effective Visualization of Temporal Ensembles,"Bass, S.A."
SciVis,Effective Visualization of Temporal Ensembles,"Healey, C.G."
SciVis,Effectiveness of Structured Textures on Dynamically Changing Terrain-like Surfaces,"Butkiewicz, T."
SciVis,Effectiveness of Structured Textures on Dynamically Changing Terrain-like Surfaces,"Stevens, A.H."
SciVis,"Extracting, Tracking, and Visualizing Magnetic Flux Vortices in 3D Complex-Valued Superconductor Simulation Data","Glatz, A."
SciVis,"Extracting, Tracking, and Visualizing Magnetic Flux Vortices in 3D Complex-Valued Superconductor Simulation Data","Peterka, T."
SciVis,"Extracting, Tracking, and Visualizing Magnetic Flux Vortices in 3D Complex-Valued Superconductor Simulation Data","Phillips, C.L."
SciVis,"Extracting, Tracking, and Visualizing Magnetic Flux Vortices in 3D Complex-Valued Superconductor Simulation Data","Karpeyev, D."
SciVis,"Extracting, Tracking, and Visualizing Magnetic Flux Vortices in 3D Complex-Valued Superconductor Simulation Data",Hanqi Guo
SciVis,Gaze Stripes: Image-Based Visualization of Eye Tracking Data,"Weiskopf, D."
SciVis,Gaze Stripes: Image-Based Visualization of Eye Tracking Data,"Hlawatsch, M."
SciVis,Gaze Stripes: Image-Based Visualization of Eye Tracking Data,"Ertl, T."
SciVis,Gaze Stripes: Image-Based Visualization of Eye Tracking Data,"Burch, M."
SciVis,Gaze Stripes: Image-Based Visualization of Eye Tracking Data,"Kurzhals, K."
SciVis,Gaze Stripes: Image-Based Visualization of Eye Tracking Data,"Heimerl, F."
SciVis,Glyph-Based Comparative Visualization for Diffusion Tensor Fields,"Schultz, T."
SciVis,Glyph-Based Comparative Visualization for Diffusion Tensor Fields,Changgong Zhang
SciVis,Glyph-Based Comparative Visualization for Diffusion Tensor Fields,"Eisemann, E."
SciVis,Glyph-Based Comparative Visualization for Diffusion Tensor Fields,"Lawonn, K."
SciVis,Glyph-Based Comparative Visualization for Diffusion Tensor Fields,"Vilanova, A."
SciVis,In Situ Eddy Analysis in a High-Resolution Ocean Climate Model,"Ahrens, J."
SciVis,In Situ Eddy Analysis in a High-Resolution Ocean Climate Model,"Schmeisser, A."
SciVis,In Situ Eddy Analysis in a High-Resolution Ocean Climate Model,"Petersen, M."
SciVis,In Situ Eddy Analysis in a High-Resolution Ocean Climate Model,"Woodring, J."
SciVis,In Situ Eddy Analysis in a High-Resolution Ocean Climate Model,"Patchett, J."
SciVis,In Situ Eddy Analysis in a High-Resolution Ocean Climate Model,"Hagen, H."
SciVis,Interactive Visualization for Singular Fibers of Functions f : R3 -> R2,"Sakurai, D."
SciVis,Interactive Visualization for Singular Fibers of Functions f : R3 -> R2,"Duke, D."
SciVis,Interactive Visualization for Singular Fibers of Functions f : R3 -> R2,"Takahashi, S."
SciVis,Interactive Visualization for Singular Fibers of Functions f : R3 -> R2,"Saeki, O."
SciVis,Interactive Visualization for Singular Fibers of Functions f : R3 -> R2,"Yamamoto, T."
SciVis,Interactive Visualization for Singular Fibers of Functions f : R3 -> R2,"Carr, H."
SciVis,Interactive Visualization for Singular Fibers of Functions f : R3 -> R2,Hsiang-Yun Wu
SciVis,Interstitial and Interlayer Ion Diffusion Geometry Extraction in Graphitic Nanosphere Battery Materials,Chun Lau
SciVis,Interstitial and Interlayer Ion Diffusion Geometry Extraction in Graphitic Nanosphere Battery Materials,"Knoll, A."
SciVis,Interstitial and Interlayer Ion Diffusion Geometry Extraction in Graphitic Nanosphere Battery Materials,Bei Wang
SciVis,Interstitial and Interlayer Ion Diffusion Geometry Extraction in Graphitic Nanosphere Battery Materials,"Gyulassy, A."
SciVis,Intuitive Exploration of Volumetric Data Using Dynamic Galleries,"Jonsson, D."
SciVis,Intuitive Exploration of Volumetric Data Using Dynamic Galleries,"Falk, M."
SciVis,Intuitive Exploration of Volumetric Data Using Dynamic Galleries,"Ynnerman, A."
SciVis,Isosurface Visualization of Data with Nonparametric Models for Uncertainty,"Sakhaee, E."
SciVis,Isosurface Visualization of Data with Nonparametric Models for Uncertainty,"Entezari, A."
SciVis,Isosurface Visualization of Data with Nonparametric Models for Uncertainty,"Athawale, T."
SciVis,JiTTree: A Just-in-Time Compiled Sparse GPU Volume Data Structure,"Gröller, M.E."
SciVis,JiTTree: A Just-in-Time Compiled Sparse GPU Volume Data Structure,"Bruckner, S."
SciVis,JiTTree: A Just-in-Time Compiled Sparse GPU Volume Data Structure,"Rautek, P."
SciVis,JiTTree: A Just-in-Time Compiled Sparse GPU Volume Data Structure,"Hadwiger, M."
SciVis,JiTTree: A Just-in-Time Compiled Sparse GPU Volume Data Structure,"Labschütz, M."
SciVis,Mining Graphs for Understanding Time-Varying Volumetric Data,"Peterka, T."
SciVis,Mining Graphs for Understanding Time-Varying Volumetric Data,Yi Gu
SciVis,Mining Graphs for Understanding Time-Varying Volumetric Data,"Jacob, R."
SciVis,Mining Graphs for Understanding Time-Varying Volumetric Data,Seung Hyun Kim
SciVis,Mining Graphs for Understanding Time-Varying Volumetric Data,Chaoli Wang
SciVis,Multi-field Pattern Matching based on Sparse Feature Sampling,"Seidel, H.-P."
SciVis,Multi-field Pattern Matching based on Sparse Feature Sampling,Zhongjie Wang
SciVis,Multi-field Pattern Matching based on Sparse Feature Sampling,"Weinkauf, T."
SciVis,NeuroBlocks - Visual Tracking of Segmentation and Proofreading for Large Connectomics Projects,"Beyer, J."
SciVis,NeuroBlocks - Visual Tracking of Segmentation and Proofreading for Large Connectomics Projects,"Hadwiger, M."
SciVis,NeuroBlocks - Visual Tracking of Segmentation and Proofreading for Large Connectomics Projects,"Pfister, H."
SciVis,NeuroBlocks - Visual Tracking of Segmentation and Proofreading for Large Connectomics Projects,"Al-Awami, A.K."
SciVis,NeuroBlocks - Visual Tracking of Segmentation and Proofreading for Large Connectomics Projects,"Haehn, D."
SciVis,NeuroBlocks - Visual Tracking of Segmentation and Proofreading for Large Connectomics Projects,"Kasthuri, N."
SciVis,NeuroBlocks - Visual Tracking of Segmentation and Proofreading for Large Connectomics Projects,"Lichtman, J.W."
SciVis,Occlusion-free Blood Flow Animation with Wall Thickness Visualization,"Glaßer, S."
SciVis,Occlusion-free Blood Flow Animation with Wall Thickness Visualization,"Isenberg, T."
SciVis,Occlusion-free Blood Flow Animation with Wall Thickness Visualization,"Preim, B."
SciVis,Occlusion-free Blood Flow Animation with Wall Thickness Visualization,"Lawonn, K."
SciVis,Occlusion-free Blood Flow Animation with Wall Thickness Visualization,"Vilanova, A."
SciVis,Planar Visualization of Treelike Structures,"Marino, J."
SciVis,Planar Visualization of Treelike Structures,"Kaufman, A."
SciVis,Real-Time Molecular Visualization Supporting Diffuse Interreflections and Ambient Occlusion,"Skanberg, R."
SciVis,Real-Time Molecular Visualization Supporting Diffuse Interreflections and Ambient Occlusion,"Ropinski, T."
SciVis,Real-Time Molecular Visualization Supporting Diffuse Interreflections and Ambient Occlusion,"Guallar, V."
SciVis,Real-Time Molecular Visualization Supporting Diffuse Interreflections and Ambient Occlusion,"Vazquez, P.-P."
SciVis,Reconstruction and Visualization of Coordinated 3D Cell Migration Based on Optical Flow,"Kappe, C.P."
SciVis,Reconstruction and Visualization of Coordinated 3D Cell Migration Based on Optical Flow,"Lemke, S."
SciVis,Reconstruction and Visualization of Coordinated 3D Cell Migration Based on Optical Flow,"Gunther, S."
SciVis,Reconstruction and Visualization of Coordinated 3D Cell Migration Based on Optical Flow,"Schutz, L."
SciVis,Reconstruction and Visualization of Coordinated 3D Cell Migration Based on Optical Flow,"Leitte, H."
SciVis,Reconstruction and Visualization of Coordinated 3D Cell Migration Based on Optical Flow,"Hufnagel, L."
SciVis,Rotation Invariant Vortices for Flow Visualization,"Schulze, M."
SciVis,Rotation Invariant Vortices for Flow Visualization,"Theisel, H."
SciVis,Rotation Invariant Vortices for Flow Visualization,"Gunther, T."
SciVis,Streamline Variability Plots for Characterizing the Uncertainty in Vector Field Ensembles,"Burger, K."
SciVis,Streamline Variability Plots for Characterizing the Uncertainty in Vector Field Ensembles,"Ferstl, F."
SciVis,Streamline Variability Plots for Characterizing the Uncertainty in Vector Field Ensembles,"Westermann, R."
SciVis,TelCoVis: Visual Exploration of Co-occurrence in Urban Human Mobility Based on Telco Data,"Ni, L.M."
SciVis,TelCoVis: Visual Exploration of Co-occurrence in Urban Human Mobility Based on Telco Data,Bing Ni
SciVis,TelCoVis: Visual Exploration of Co-occurrence in Urban Human Mobility Based on Telco Data,Haipeng Zeng
SciVis,TelCoVis: Visual Exploration of Co-occurrence in Urban Human Mobility Based on Telco Data,Jiayi Xu
SciVis,TelCoVis: Visual Exploration of Co-occurrence in Urban Human Mobility Based on Telco Data,Mingxuan Yuan
SciVis,TelCoVis: Visual Exploration of Co-occurrence in Urban Human Mobility Based on Telco Data,Huamin Qu
SciVis,TelCoVis: Visual Exploration of Co-occurrence in Urban Human Mobility Based on Telco Data,Wenchao Wu
SciVis,TelCoVis: Visual Exploration of Co-occurrence in Urban Human Mobility Based on Telco Data,Yixian Zheng
SciVis,Visualization and Analysis of Rotating Stall for Transonic Jet Engine Simulation,Chun-Ming Chen
SciVis,Visualization and Analysis of Rotating Stall for Transonic Jet Engine Simulation,Xiaotong Liu
SciVis,Visualization and Analysis of Rotating Stall for Transonic Jet Engine Simulation,"Dutta, S."
SciVis,Visualization and Analysis of Rotating Stall for Transonic Jet Engine Simulation,Han-Wei Shen
SciVis,Visualization and Analysis of Rotating Stall for Transonic Jet Engine Simulation,Jen-Ping Chen
SciVis,Visualization and Analysis of Rotating Stall for Transonic Jet Engine Simulation,"Heinlein, G."
SciVis,Visualization-by-Sketching: An Artist&#x0027;s Interface for Creating Multivariate Time-Varying Data Visualizations,"Keefe, D.F."
SciVis,Visualization-by-Sketching: An Artist&#x0027;s Interface for Creating Multivariate Time-Varying Data Visualizations,"Schroeder, D."
SciVis,Visualizing Tensor Normal Distributions at Multiple Levels of Detail,"Schultz, T."
SciVis,Visualizing Tensor Normal Distributions at Multiple Levels of Detail,"Wiens, V."
SciVis,Visualizing Tensor Normal Distributions at Multiple Levels of Detail,"Hermann, M."
SciVis,Visualizing Tensor Normal Distributions at Multiple Levels of Detail,"Abbasloo, A."
VAST,3D Regression Heat Map Analysis of Population Study Data," Glaßer, S."
VAST,3D Regression Heat Map Analysis of Population Study Data," Lawonn, K."
VAST,3D Regression Heat Map Analysis of Population Study Data,"Klemm, P."
VAST,3D Regression Heat Map Analysis of Population Study Data,"V?lzke,H."
VAST,3D Regression Heat Map Analysis of Population Study Data,"Preim,B."
VAST,3D Regression Heat Map Analysis of Population Study Data,"Niemann, U."
VAST,3D Regression Heat Map Analysis of Population Study Data,"Hegenscheid,K."
VAST,A Case Study Using Visualization Interaction Logs and Insight Metrics to Understand How Analysts Arrive at Insights,Hua Guo
VAST,A Case Study Using Visualization Interaction Logs and Insight Metrics to Understand How Analysts Arrive at Insights,"Laidlaw, D.H."
VAST,A Case Study Using Visualization Interaction Logs and Insight Metrics to Understand How Analysts Arrive at Insights,"Gomez, S.R."
VAST,A Case Study Using Visualization Interaction Logs and Insight Metrics to Understand How Analysts Arrive at Insights,"Ziemkiewicz, C."
VAST,An Uncertainty-Aware Approach for Exploratory Microblog Retrieval,Shixia Liu
VAST,An Uncertainty-Aware Approach for Exploratory Microblog Retrieval,Furu Wei
VAST,An Uncertainty-Aware Approach for Exploratory Microblog Retrieval,Mengchen Liu
VAST,An Uncertainty-Aware Approach for Exploratory Microblog Retrieval,Shimei Pan
VAST,An Uncertainty-Aware Approach for Exploratory Microblog Retrieval,Xizhou Zhu
VAST,An Uncertainty-Aware Approach for Exploratory Microblog Retrieval,Qinying Liao
VAST,BiSet: Semantic Edge Bundling with Biclusters for Sensemaking,"Ramakrishnan, N."
VAST,BiSet: Semantic Edge Bundling with Biclusters for Sensemaking,Maoyuan Sun
VAST,BiSet: Semantic Edge Bundling with Biclusters for Sensemaking,Peng Mi
VAST,BiSet: Semantic Edge Bundling with Biclusters for Sensemaking,"North, C."
VAST,Characterizing Provenance in Visualization and Data Analysis: An Organizational Framework of Provenance Types and Purposes,"Sanyal, J."
VAST,Characterizing Provenance in Visualization and Data Analysis: An Organizational Framework of Provenance Types and Purposes,"Endert, A."
VAST,Characterizing Provenance in Visualization and Data Analysis: An Organizational Framework of Provenance Types and Purposes,"Ragan, E.D."
VAST,Characterizing Provenance in Visualization and Data Analysis: An Organizational Framework of Provenance Types and Purposes,Jian Chen
VAST,CiteRivers: Visual Analytics of Citation Patterns,Qi Han
VAST,CiteRivers: Visual Analytics of Citation Patterns,"Koch, S."
VAST,CiteRivers: Visual Analytics of Citation Patterns,"Heimerl, F."
VAST,egoSlider: Visual Analysis of Egocentric Network Evolution,Sixiao Yang
VAST,egoSlider: Visual Analysis of Egocentric Network Evolution,"Pitipornvivat, N."
VAST,egoSlider: Visual Analysis of Egocentric Network Evolution,Jian Zhao
VAST,egoSlider: Visual Analysis of Egocentric Network Evolution,Yanhong Wu
VAST,egoSlider: Visual Analysis of Egocentric Network Evolution,Guowei Huang
VAST,egoSlider: Visual Analysis of Egocentric Network Evolution,Huamin Qu
VAST,Exploring Evolving Media Discourse Through Event Cueing,Hong Wang
VAST,Exploring Evolving Media Discourse Through Event Cueing,"Burke, S."
VAST,Exploring Evolving Media Discourse Through Event Cueing,Jiun-Yi Tsai
VAST,Exploring Evolving Media Discourse Through Event Cueing,"Corman, S.R."
VAST,Exploring Evolving Media Discourse Through Event Cueing,Yafeng Lu
VAST,Exploring Evolving Media Discourse Through Event Cueing,"Maciejewski, R."
VAST,Exploring Evolving Media Discourse Through Event Cueing,"Davulcu, H."
VAST,Exploring Evolving Media Discourse Through Event Cueing,"Steptoe, M."
VAST,Exploring Evolving Media Discourse Through Event Cueing,"Montgomery, D."
VAST,Interactive Visual Discovering of Movement Patterns from Sparsely Sampled Geo-tagged Social Media Data,Zhenhuang Wang
VAST,Interactive Visual Discovering of Movement Patterns from Sparsely Sampled Geo-tagged Social Media Data,Jie Liang
VAST,Interactive Visual Discovering of Movement Patterns from Sparsely Sampled Geo-tagged Social Media Data,Cong Guo
VAST,Interactive Visual Discovering of Movement Patterns from Sparsely Sampled Geo-tagged Social Media Data,Zuchao Wang
VAST,Interactive Visual Discovering of Movement Patterns from Sparsely Sampled Geo-tagged Social Media Data,Jiawan Zhang
VAST,Interactive Visual Discovering of Movement Patterns from Sparsely Sampled Geo-tagged Social Media Data,Xiaoru Yuan
VAST,Interactive Visual Discovering of Movement Patterns from Sparsely Sampled Geo-tagged Social Media Data,Xiaolong Zhang
VAST,Interactive Visual Discovering of Movement Patterns from Sparsely Sampled Geo-tagged Social Media Data,Siming Chen
VAST,Interactive Visual Profiling of Musicians,"Scheuermann, G."
VAST,Interactive Visual Profiling of Musicians,"Focht, J."
VAST,Interactive Visual Profiling of Musicians,"Jänicke, S."
VAST,InterAxis: Steering Scatterplot Axes via Observation-Level Interaction,"Endert, A."
VAST,InterAxis: Steering Scatterplot Axes via Observation-Level Interaction,Jaegul Choo
VAST,InterAxis: Steering Scatterplot Axes via Observation-Level Interaction,Haesun Park
VAST,InterAxis: Steering Scatterplot Axes via Observation-Level Interaction,Hannah Kim
VAST,LiteVis: Integrated Visualization for Simulation-Based Decision Support in Lighting Design,"Luksch, C."
VAST,LiteVis: Integrated Visualization for Simulation-Based Decision Support in Lighting Design,"Schwärzler, M."
VAST,LiteVis: Integrated Visualization for Simulation-Based Decision Support in Lighting Design,"Gröller, E."
VAST,LiteVis: Integrated Visualization for Simulation-Based Decision Support in Lighting Design,"Sorger, J."
VAST,LiteVis: Integrated Visualization for Simulation-Based Decision Support in Lighting Design,"Piringer, H."
VAST,LiteVis: Integrated Visualization for Simulation-Based Decision Support in Lighting Design,"Ortner, T."
VAST,MobilityGraphs: Visual Analysis of Mass Mobility Dynamics via Spatio-Temporal Graphs and Clustering,"von Landesberger, T."
VAST,MobilityGraphs: Visual Analysis of Mass Mobility Dynamics via Spatio-Temporal Graphs and Clustering,"Kerren, A."
VAST,MobilityGraphs: Visual Analysis of Mass Mobility Dynamics via Spatio-Temporal Graphs and Clustering,"Andrienko, N."
VAST,MobilityGraphs: Visual Analysis of Mass Mobility Dynamics via Spatio-Temporal Graphs and Clustering,"Brodkorb, F."
VAST,MobilityGraphs: Visual Analysis of Mass Mobility Dynamics via Spatio-Temporal Graphs and Clustering,"Andrienko, G."
VAST,MobilityGraphs: Visual Analysis of Mass Mobility Dynamics via Spatio-Temporal Graphs and Clustering,"Roskosch, P."
VAST,MotionFlow: Visual Abstraction and Aggregation of Sequential Patterns in Human Motion Tracking Data,"Ramani, K."
VAST,MotionFlow: Visual Abstraction and Aggregation of Sequential Patterns in Human Motion Tracking Data,Sujin Jang
VAST,MotionFlow: Visual Abstraction and Aggregation of Sequential Patterns in Human Motion Tracking Data,"Elmqvist, N."
VAST,PhenoBlocks: Phenotype Comparison Visualizations,"Breslav, S."
VAST,PhenoBlocks: Phenotype Comparison Visualizations,"Khan, A."
VAST,PhenoBlocks: Phenotype Comparison Visualizations,"Chevalier, F."
VAST,PhenoBlocks: Phenotype Comparison Visualizations,"Brudno, M."
VAST,PhenoBlocks: Phenotype Comparison Visualizations,"Wigdor, D."
VAST,PhenoBlocks: Phenotype Comparison Visualizations,"Hamilton, P."
VAST,PhenoBlocks: Phenotype Comparison Visualizations,"Glueck, M."
VAST,Reducing Snapshots to Points: A Visual Analytics Approach to Dynamic Network Exploration,"van den Elzen, S."
VAST,Reducing Snapshots to Points: A Visual Analytics Approach to Dynamic Network Exploration,"Holten, D."
VAST,Reducing Snapshots to Points: A Visual Analytics Approach to Dynamic Network Exploration,"Blaas, J."
VAST,Reducing Snapshots to Points: A Visual Analytics Approach to Dynamic Network Exploration,"van Wijk, J.J."
VAST,SensePath: Understanding the Sensemaking Process Through Analytic Provenance,"Wheat, A."
VAST,SensePath: Understanding the Sensemaking Process Through Analytic Provenance,"Nguyen, P.H."
VAST,SensePath: Understanding the Sensemaking Process Through Analytic Provenance,"Fields, B."
VAST,SensePath: Understanding the Sensemaking Process Through Analytic Provenance,"Wong, B.L.W."
VAST,SensePath: Understanding the Sensemaking Process Through Analytic Provenance,"Attfield, S."
VAST,SensePath: Understanding the Sensemaking Process Through Analytic Provenance,Kai Xu
VAST,Supporting Iterative Cohort Construction with Visual Temporal Queries,"Perer, A."
VAST,Supporting Iterative Cohort Construction with Visual Temporal Queries,"Stavropoulos, H."
VAST,Supporting Iterative Cohort Construction with Visual Temporal Queries,"Krause, J."
VAST,TargetVue: Visual Analysis of Anomalous User Behaviors in Online Communication Systems,Ching-Yung Lin
VAST,TargetVue: Visual Analysis of Anomalous User Behaviors in Online Communication Systems,Conglei Shi
VAST,TargetVue: Visual Analysis of Anomalous User Behaviors in Online Communication Systems,Jie Lu
VAST,TargetVue: Visual Analysis of Anomalous User Behaviors in Online Communication Systems,Yu-Ru Lin
VAST,TargetVue: Visual Analysis of Anomalous User Behaviors in Online Communication Systems,Nan Cao
VAST,TargetVue: Visual Analysis of Anomalous User Behaviors in Online Communication Systems,"Lin, S."
VAST,Task-Driven Comparison of Topic Models,"Alexander, E."
VAST,Task-Driven Comparison of Topic Models,"Gleicher, M."
VAST,Temporal MDS Plots for Analysis of Multivariate Data,"Jäckle, D."
VAST,Temporal MDS Plots for Analysis of Multivariate Data,"Fischer, F."
VAST,Temporal MDS Plots for Analysis of Multivariate Data,"Schreck, T."
VAST,Temporal MDS Plots for Analysis of Multivariate Data,"Keim, D.A."
VAST,The Data Context Map: Fusing Data and Attributes into a Unified Display,Shenghui Cheng
VAST,The Data Context Map: Fusing Data and Attributes into a Unified Display,"Mueller, K."
VAST,"The Role of Uncertainty, Awareness, and Trust in Visual Analytics","Sacha, D."
VAST,"The Role of Uncertainty, Awareness, and Trust in Visual Analytics","Senaratne, H."
VAST,"The Role of Uncertainty, Awareness, and Trust in Visual Analytics","Ellis, G."
VAST,"The Role of Uncertainty, Awareness, and Trust in Visual Analytics",Bum Chul Kwon
VAST,"The Role of Uncertainty, Awareness, and Trust in Visual Analytics","Keim, D.A."
VAST,The Visual Causality Analyst: An Interactive Interface for Causal Reasoning,"Mueller, K."
VAST,The Visual Causality Analyst: An Interactive Interface for Causal Reasoning,Jun Wang
VAST,TimeLineCurator: Interactive Authoring of Visual Timelines from Unstructured Text,"Brehmer, M."
VAST,TimeLineCurator: Interactive Authoring of Visual Timelines from Unstructured Text,"Fulda, J."
VAST,TimeLineCurator: Interactive Authoring of Visual Timelines from Unstructured Text,"Munzner, T."
VAST,TrajGraph: A Graph-Based Visual Analytics Approach to Studying Urban Network Centralities Using Taxi Trajectory Data,Xinyue Ye
VAST,TrajGraph: A Graph-Based Visual Analytics Approach to Studying Urban Network Centralities Using Taxi Trajectory Data,Xiaoke Huang
VAST,TrajGraph: A Graph-Based Visual Analytics Approach to Studying Urban Network Centralities Using Taxi Trajectory Data,Chong Zhang
VAST,TrajGraph: A Graph-Based Visual Analytics Approach to Studying Urban Network Centralities Using Taxi Trajectory Data,Jing Yang
VAST,TrajGraph: A Graph-Based Visual Analytics Approach to Studying Urban Network Centralities Using Taxi Trajectory Data,Ye Zhao
VAST,TrajGraph: A Graph-Based Visual Analytics Approach to Studying Urban Network Centralities Using Taxi Trajectory Data,Chao Ma
VAST,VA2: A Visual Analytics Approach for Evaluating Visual Analytics Applications,"Blascheck, T."
VAST,VA2: A Visual Analytics Approach for Evaluating Visual Analytics Applications,"Koch, S."
VAST,VA2: A Visual Analytics Approach for Evaluating Visual Analytics Applications,"Ertl, T."
VAST,VA2: A Visual Analytics Approach for Evaluating Visual Analytics Applications,"Kurzhals, K."
VAST,VA2: A Visual Analytics Approach for Evaluating Visual Analytics Applications,"John, M."
VAST,"VAiRoma: A Visual Analytics System for Making Sense of Places, Times, and Events in Roman History","Cho, I."
VAST,"VAiRoma: A Visual Analytics System for Making Sense of Places, Times, and Events in Roman History","Wang, D.X."
VAST,"VAiRoma: A Visual Analytics System for Making Sense of Places, Times, and Events in Roman History","Ribarsky, W."
VAST,"VAiRoma: A Visual Analytics System for Making Sense of Places, Times, and Events in Roman History","Sauda, E."
VAST,"VAiRoma: A Visual Analytics System for Making Sense of Places, Times, and Events in Roman History",Wewnen Dou
VAST,"VEEVVIE: Visual Explorer for Empirical Visualization, VR and Interaction Experiments","Papadopoulos, C."
VAST,"VEEVVIE: Visual Explorer for Empirical Visualization, VR and Interaction Experiments","Gutenko, I."
VAST,"VEEVVIE: Visual Explorer for Empirical Visualization, VR and Interaction Experiments","Kaufman, A.E."
VAST,VisOHC: Designing Visual Analytics for Online Health Communities,Ji Soo Yi
VAST,VisOHC: Designing Visual Analytics for Online Health Communities,Sung-Hee Kim
VAST,VisOHC: Designing Visual Analytics for Online Health Communities,Jaegul Choo
VAST,VisOHC: Designing Visual Analytics for Online Health Communities,Jina Huh
VAST,VisOHC: Designing Visual Analytics for Online Health Communities,Bum Chul Kwon
VAST,VisOHC: Designing Visual Analytics for Online Health Communities,Sukwon Lee
VAST,Visual Analysis and Dissemination of Scientific Literature Collections with SurVis,"Weiskopf, D."
VAST,Visual Analysis and Dissemination of Scientific Literature Collections with SurVis,"Koch, S."
VAST,Visual Analysis and Dissemination of Scientific Literature Collections with SurVis,"Beck, F."
VAST,Visual Analytics for Development and Evaluation of Order Selection Criteria for Autoregressive Processes,"Förster, E.-C."
VAST,Visual Analytics for Development and Evaluation of Order Selection Criteria for Autoregressive Processes,"Kreiss, J.-P."
VAST,Visual Analytics for Development and Evaluation of Order Selection Criteria for Autoregressive Processes,"Löwe, T."
VAST,Visual Analytics for Development and Evaluation of Order Selection Criteria for Autoregressive Processes,"Magnor, M."
VAST,Visual Analytics for Development and Evaluation of Order Selection Criteria for Autoregressive Processes,"Albuquerque, G."
VAST,Visually Exploring Transportation Schedules,"Palomo, C."
VAST,Visually Exploring Transportation Schedules,"Silva, C.T."
VAST,Visually Exploring Transportation Schedules,Zhan Guo
VAST,Visually Exploring Transportation Schedules,"Freire, J."
